Name,Url
VAL DE BRIARE,https://transcode.geo.data.gouv.fr/links/5c03529fe21d23632156ebd2/downloads/5cbd0d8a90751a1169b7fdce?format=KML&projection=WGS84
VAL DE GIEN,https://transcode.geo.data.gouv.fr/links/5c0352d3e21d2363215757cb/downloads/5cad3c4390751a7808b6155e?format=KML&projection=WGS84
VAL DARDOUX,https://transcode.geo.data.gouv.fr/links/5c0352a0e21d23632156ed1c/downloads/5cee4b589f2b4815c348370f?format=KML&projection=WGS84
VAL DE SULLY,https://transcode.geo.data.gouv.fr/links/5c0352a0e21d23632156ece4/downloads/5caa9494040461d802dd45b0?format=KML&projection=WGS84
SUR AREA ORLEANS,https://transcode.geo.data.gouv.fr/links/5c0352d3e21d2363215757b0/downloads/5cc4f0a304046105c1e15a1a?format=KML&projection=WGS84
VAL AMONT,https://transcode.geo.data.gouv.fr/links/5c0352d3e21d2363215758f7/downloads/5ceb2b42ee9ad79c3ccf8776?format=KML&projection=WGS84
PPRT Semoy,https://www.data.gouv.fr/fr/datasets/r/d031f610-b1a1-410c-aba6-fdbed608e7e4
PPRT Isochem a Pithiviers,https://www.data.gouv.fr/fr/datasets/r/6ff7db66-c655-4e20-9db0-97e35e73e8e5
PPRT Tereos a Artenay,https://www.data.gouv.fr/fr/datasets/r/9660cb5a-13b5-4247-a5e6-347012f0c72e
PPRT Argos a Beaune la Rolande,https://www.data.gouv.fr/fr/datasets/r/3fc54272-7a12-495e-86dd-d16a8300abc1
PPRT Briare,https://www.data.gouv.fr/fr/datasets/r/67097325-ea9f-4de1-805f-ff6d7a7c055f
PPRT Ormes,https://www.data.gouv.fr/fr/datasets/r/4ae4e4e1-b3d4-489b-aaff-3022cb21d7ed
PPRT Ardon,https://www.data.gouv.fr/fr/datasets/r/12ca0212-71c2-4287-b10e-96173dbfb437
PPRT ND Logistics a Artenay,https://www.data.gouv.fr/fr/datasets/r/bc0dad07-d4da-4c2f-969e-5687a91c41ec
